{"stats":{"minecraft:used":{"minecraft:cobblestone":2,"minecraft:netherite_pickaxe":3184},"minecraft:killed_by":{"minecraft:creeper":1},"minecraft:mined":{"mekanism:osmium_ore":4,"alltheores:zinc_ore":60,"iceandfire:silver_ore":6,"minecraft:mossy_cobblestone":3,"minecraft:iron_ore":9,"minecraft:andesite":1250,"minecraft:pumpkin":1,"alltheores:lead_ore":5,"minecraft:grass":22,"minecraft:grass_block":1,"minecraft:coal_ore":24,"mekanism:lead_ore":1,"mekanism:tin_ore":19,"powah:uraninite_ore_poor":2,"alltheores:silver_ore":35,"minecraft:tall_grass":4,"minecraft:copper_ore":3,"minecraft:cobblestone":4,"alltheores:aluminum_ore":10,"minecraft:stone":1722,"alltheores:nickel_ore":10,"mysticalagriculture:inferium_ore":17},"minecraft:picked_up":{"minecraft:raw_iron":2,"minecraft:pumpkin":1,"alltheores:raw_zinc":49,"mekanism:raw_lead":1,"doggytalents:rice_grains":4,"mekanism:raw_osmium":2,"mekanism:raw_tin":18,"minecraft:dirt":1,"minecraft:mossy_cobblestone":3,"minecraft:wheat_seeds":2,"mysticalagriculture:inferium_essence":14,"alltheores:raw_aluminum":9,"alltheores:raw_silver":21,"minecraft:coal":13,"iceandfire:raw_silver":6,"minecraft:cobblestone":1088},"minecraft:custom":{"minecraft:time_since_rest":80,"minecraft:sprint_one_cm":17825,"minecraft:damage_taken":685,"minecraft:walk_one_cm":16422,"minecraft:damage_dealt":10,"minecraft:swim_one_cm":5274,"minecraft:fly_one_cm":15291,"minecraft:crouch_one_cm":1277,"minecraft:play_time":5582,"minecraft:deaths":1,"minecraft:sneak_time":203,"minecraft:walk_under_water_one_cm":394,"minecraft:jump":62,"minecraft:leave_game":1,"minecraft:time_since_death":0,"minecraft:walk_on_water_one_cm":729,"minecraft:total_world_time":5582,"minecraft:fall_one_cm":5135}},"DataVersion":3465}