{
  "spartanweaponry:recipes/stone_glaive": {
    "criteria": {
      "has_cobblestone": "2024-09-11 17:48:09 +0000"
    },
    "done": true
  },
  "deeperdarker:recipes/transportation/echo_boat": {
    "criteria": {
      "in_water": "2024-09-11 17:48:20 +0000"
    },
    "done": true
  },
  "spartanweaponry:recipes/stone_longsword": {
    "criteria": {
      "has_cobblestone": "2024-09-11 17:48:09 +0000"
    },
    "done": true
  },
  "alltheores:recipes/misc/raw_silver_block": {
    "criteria": {
      "has_raw_TagKey[minecraft:item / forge:raw_materials/silver]": "2024-09-11 17:48:42 +0000"
    },
    "done": true
  },
  "minecraft:recipes/building_blocks/raw_iron_block": {
    "criteria": {
      "has_raw_iron": "2024-09-11 17:48:31 +0000"
    },
    "done": true
  },
  "spartanweaponry:recipes/stone_battle_hammer": {
    "criteria": {
      "has_cobblestone": "2024-09-11 17:48:09 +0000"
    },
    "done": true
  },
  "rats:recipes/food/chef/little_black_squash_balls": {
    "criteria": {
      "has_input": "2024-09-11 17:48:53 +0000"
    },
    "done": true
  },
  "deeperdarker:recipes/transportation/bloom_boat": {
    "criteria": {
      "in_water": "2024-09-11 17:48:20 +0000"
    },
    "done": true
  },
  "simplyswords:grant_book_on_first_join": {
    "criteria": {
      "tick": "2024-09-11 17:45:38 +0000"
    },
    "done": true
  },
  "minecraft:recipes/decorations/crafting_table": {
    "criteria": {
      "unlock_right_away": "2024-09-11 17:45:38 +0000"
    },
    "done": true
  },
  "minecraft:recipes/decorations/chest": {
    "criteria": {
      "has_lots_of_items": "2024-09-11 17:48:10 +0000"
    },
    "done": true
  },
  "minecraft:recipes/building_blocks/mossy_cobblestone_stairs_from_mossy_cobblestone_stonecutting": {
    "criteria": {
      "has_mossy_cobblestone": "2024-09-11 17:48:19 +0000"
    },
    "done": true
  },
  "minecraft:recipes/transportation/cherry_boat": {
    "criteria": {
      "in_water": "2024-09-11 17:48:20 +0000"
    },
    "done": true
  },
  "mekanism:root": {
    "criteria": {
      "automatic": "2024-09-11 17:45:37 +0000"
    },
    "done": true
  },
  "mcwholidays:recipes/pumpkin_wheelbarrow": {
    "criteria": {
      "has_planks": "2024-09-11 17:46:47 +0000"
    },
    "done": true
  },
  "rats:recipes/misc/rat_seed_bowl": {
    "criteria": {
      "has_seeds": "2024-09-11 17:47:07 +0000"
    },
    "done": true
  },
  "alltheores:recipes/misc/raw_tin_block": {
    "criteria": {
      "has_raw_TagKey[minecraft:item / forge:raw_materials/tin]": "2024-09-11 17:48:13 +0000"
    },
    "done": true
  },
  "rats:recipes/misc/upgrades/farmer_upgrade": {
    "criteria": {
      "has_seeds": "2024-09-11 17:47:07 +0000"
    },
    "done": true
  },
  "minecraft:recipes/building_blocks/mossy_cobblestone_slab": {
    "criteria": {
      "has_mossy_cobblestone": "2024-09-11 17:48:19 +0000"
    },
    "done": true
  },
  "spartanweaponry:recipes/stone_boomerang": {
    "criteria": {
      "has_cobblestone": "2024-09-11 17:48:09 +0000"
    },
    "done": true
  },
  "alltheores:recipes/misc/raw_aluminum_block": {
    "criteria": {
      "has_raw_TagKey[minecraft:item / forge:raw_materials/aluminum]": "2024-09-11 17:48:10 +0000"
    },
    "done": true
  },
  "minecraft:recipes/food/pumpkin_pie": {
    "criteria": {
      "has_pumpkin": "2024-09-11 17:46:47 +0000"
    },
    "done": true
  },
  "iceandfire:iceandfire/root": {
    "criteria": {
      "tick": "2024-09-11 17:45:38 +0000"
    },
    "done": true
  },
  "mcwholidays:recipes/small_pumpkin": {
    "criteria": {
      "has_planks": "2024-09-11 17:46:47 +0000"
    },
    "done": true
  },
  "mcwholidays:recipes/lit_screaming_pumpkin": {
    "criteria": {
      "has_planks": "2024-09-11 17:46:47 +0000"
    },
    "done": true
  },
  "mcwholidays:recipes/carved_smile_pumpkin": {
    "criteria": {
      "has_planks": "2024-09-11 17:46:47 +0000"
    },
    "done": true
  },
  "enderio:recipes/misc/stone_gear": {
    "criteria": {
      "has_ingredient": "2024-09-11 17:48:09 +0000"
    },
    "done": true
  },
  "alltheores:recipes/misc/silver_ingot_from_raw": {
    "criteria": {
      "has_item": "2024-09-11 17:48:42 +0000"
    },
    "done": true
  },
  "minecraft:recipes/decorations/campfire": {
    "criteria": {
      "has_coal": "2024-09-11 17:48:53 +0000"
    },
    "done": true
  },
  "mcwholidays:recipes/carved_friendly_pumpkin": {
    "criteria": {
      "has_planks": "2024-09-11 17:46:47 +0000"
    },
    "done": true
  },
  "spartanweaponry:recipes/stone_battleaxe": {
    "criteria": {
      "has_cobblestone": "2024-09-11 17:48:09 +0000"
    },
    "done": true
  },
  "mcwholidays:recipes/lit_smile_pumpkin": {
    "criteria": {
      "has_planks": "2024-09-11 17:46:47 +0000"
    },
    "done": true
  },
  "alltheores:recipes/misc/aluminum_ingot_from_raw_blasting": {
    "criteria": {
      "has_item": "2024-09-11 17:48:10 +0000"
    },
    "done": true
  },
  "minecraft:recipes/building_blocks/cobblestone_slab": {
    "criteria": {
      "has_cobblestone": "2024-09-11 17:48:09 +0000"
    },
    "done": true
  },
  "minecraft:recipes/transportation/acacia_boat": {
    "criteria": {
      "in_water": "2024-09-11 17:48:20 +0000"
    },
    "done": true
  },
  "minecraft:recipes/misc/iron_ingot_from_blasting_raw_iron": {
    "criteria": {
      "has_raw_iron": "2024-09-11 17:48:31 +0000"
    },
    "done": true
  },
  "minecraft:recipes/decorations/cobblestone_wall_from_cobblestone_stonecutting": {
    "criteria": {
      "has_cobblestone": "2024-09-11 17:48:09 +0000"
    },
    "done": true
  },
  "spartanweaponry:recipes/stone_rapier": {
    "criteria": {
      "has_cobblestone": "2024-09-11 17:48:09 +0000"
    },
    "done": true
  },
  "minecraft:recipes/building_blocks/cobblestone_stairs": {
    "criteria": {
      "has_cobblestone": "2024-09-11 17:48:09 +0000"
    },
    "done": true
  },
  "minecraft:recipes/transportation/jungle_boat": {
    "criteria": {
      "in_water": "2024-09-11 17:48:20 +0000"
    },
    "done": true
  },
  "rats:recipes/misc/upgrades/christmas_upgrade": {
    "criteria": {
      "has_coal": "2024-09-11 17:48:53 +0000"
    },
    "done": true
  },
  "minecraft:recipes/redstone/lever": {
    "criteria": {
      "has_cobblestone": "2024-09-11 17:48:09 +0000"
    },
    "done": true
  },
  "spartanweaponry:recipes/stone_saber": {
    "criteria": {
      "has_cobblestone": "2024-09-11 17:48:09 +0000"
    },
    "done": true
  },
  "spartanweaponry:recipes/stone_scythe": {
    "criteria": {
      "has_cobblestone": "2024-09-11 17:48:09 +0000"
    },
    "done": true
  },
  "minecraft:recipes/combat/stone_sword": {
    "criteria": {
      "has_cobblestone": "2024-09-11 17:48:09 +0000"
    },
    "done": true
  },
  "minecraft:recipes/decorations/cobblestone_wall": {
    "criteria": {
      "has_cobblestone": "2024-09-11 17:48:09 +0000"
    },
    "done": true
  },
  "minecraft:recipes/tools/stone_axe": {
    "criteria": {
      "has_cobblestone": "2024-09-11 17:48:09 +0000"
    },
    "done": true
  },
  "iceandfire:recipes/tools/silver_ingot_from_smelting_raw_silver": {
    "criteria": {
      "has_raw_silver": "2024-09-11 17:48:55 +0000"
    },
    "done": true
  },
  "doggytalents:recipes/food/uncooked_rice_bowl": {
    "criteria": {
      "has_dtn_rice_grains": "2024-09-11 17:47:02 +0000"
    },
    "done": true
  },
  "minecraft:recipes/transportation/spruce_boat": {
    "criteria": {
      "in_water": "2024-09-11 17:48:20 +0000"
    },
    "done": true
  },
  "rats:root": {
    "criteria": {
      "tick": "2024-09-11 17:45:38 +0000"
    },
    "done": true
  },
  "alltheores:recipes/misc/zinc_ingot_from_raw_blasting": {
    "criteria": {
      "has_item": "2024-09-11 17:48:16 +0000"
    },
    "done": true
  },
  "minecraft:recipes/transportation/mangrove_boat": {
    "criteria": {
      "in_water": "2024-09-11 17:48:20 +0000"
    },
    "done": true
  },
  "spartanweaponry:recipes/stone_lance": {
    "criteria": {
      "has_cobblestone": "2024-09-11 17:48:09 +0000"
    },
    "done": true
  },
  "minecraft:recipes/misc/iron_ingot_from_smelting_raw_iron": {
    "criteria": {
      "has_raw_iron": "2024-09-11 17:48:31 +0000"
    },
    "done": true
  },
  "mcwholidays:recipes/scarecrow": {
    "criteria": {
      "has_planks": "2024-09-11 17:46:47 +0000"
    },
    "done": true
  },
  "alltheores:recipes/misc/raw_osmium_block": {
    "criteria": {
      "has_raw_TagKey[minecraft:item / forge:raw_materials/osmium]": "2024-09-11 17:48:23 +0000"
    },
    "done": true
  },
  "minecraft:recipes/decorations/mossy_cobblestone_wall": {
    "criteria": {
      "has_mossy_cobblestone": "2024-09-11 17:48:19 +0000"
    },
    "done": true
  },
  "rats:recipes/misc/upgrades/chicken_mount_upgrade": {
    "criteria": {
      "has_seeds": "2024-09-11 17:47:07 +0000"
    },
    "done": true
  },
  "rats:recipes/misc/upgrades/breeder_upgrade": {
    "criteria": {
      "has_seeds": "2024-09-11 17:47:07 +0000"
    },
    "done": true
  },
  "doggytalents:recipes/food/training_treat": {
    "criteria": {
      "has_dtn_rice_grains": "2024-09-11 17:47:02 +0000"
    },
    "done": true
  },
  "refurbished_furniture:recipes/misc/slicing/pumpkin_seeds_from_pumpkin": {
    "criteria": {
      "has_pumpkin": "2024-09-11 17:46:47 +0000"
    },
    "done": true
  },
  "alltheores:recipes/misc/aluminum_ingot_from_raw": {
    "criteria": {
      "has_item": "2024-09-11 17:48:10 +0000"
    },
    "done": true
  },
  "minecraft:recipes/decorations/mossy_cobblestone_wall_from_mossy_cobblestone_stonecutting": {
    "criteria": {
      "has_mossy_cobblestone": "2024-09-11 17:48:19 +0000"
    },
    "done": true
  },
  "minecraft:recipes/transportation/dark_oak_boat": {
    "criteria": {
      "in_water": "2024-09-11 17:48:20 +0000"
    },
    "done": true
  },
  "farmersdelight:recipes/cooking/stuffed_pumpkin_block": {
    "criteria": {
      "has_pumpkin": "2024-09-11 17:46:47 +0000"
    },
    "done": true
  },
  "domum_ornamentum:recipes/tools/mossy_cobblestone_extra": {
    "criteria": {
      "has_material": "2024-09-11 17:48:19 +0000"
    },
    "done": true
  },
  "alltheores:recipes/misc/silver_ingot_from_raw_blasting": {
    "criteria": {
      "has_item": "2024-09-11 17:48:42 +0000"
    },
    "done": true
  },
  "spartanweaponry:recipes/stone_katana": {
    "criteria": {
      "has_cobblestone": "2024-09-11 17:48:09 +0000"
    },
    "done": true
  },
  "minecraft:story/mine_stone": {
    "criteria": {
      "get_stone": "2024-09-11 17:48:09 +0000"
    },
    "done": true
  },
  "minecraft:recipes/decorations/furnace": {
    "criteria": {
      "has_cobblestone": "2024-09-11 17:48:09 +0000"
    },
    "done": true
  },
  "spartanweaponry:recipes/stone_throwing_knife": {
    "criteria": {
      "has_cobblestone": "2024-09-11 17:48:09 +0000"
    },
    "done": true
  },
  "mcwholidays:recipes/medium_pumpkin": {
    "criteria": {
      "has_planks": "2024-09-11 17:46:47 +0000"
    },
    "done": true
  },
  "minecraft:recipes/building_blocks/cobblestone_slab_from_cobblestone_stonecutting": {
    "criteria": {
      "has_cobblestone": "2024-09-11 17:48:09 +0000"
    },
    "done": true
  },
  "alltheores:recipes/misc/raw_zinc_block": {
    "criteria": {
      "has_raw_TagKey[minecraft:item / forge:raw_materials/zinc]": "2024-09-11 17:48:16 +0000"
    },
    "done": true
  },
  "minecraft:recipes/building_blocks/stone": {
    "criteria": {
      "has_cobblestone": "2024-09-11 17:48:09 +0000"
    },
    "done": true
  },
  "minecraft:recipes/transportation/bamboo_raft": {
    "criteria": {
      "in_water": "2024-09-11 17:48:20 +0000"
    },
    "done": true
  },
  "mcwholidays:recipes/lit_shocked_pumpkin": {
    "criteria": {
      "has_planks": "2024-09-11 17:46:47 +0000"
    },
    "done": true
  },
  "mcwholidays:recipes/three_pumpkins": {
    "criteria": {
      "has_planks": "2024-09-11 17:46:47 +0000"
    },
    "done": true
  },
  "minecraft:recipes/building_blocks/mossy_cobblestone_stairs": {
    "criteria": {
      "has_mossy_cobblestone": "2024-09-11 17:48:19 +0000"
    },
    "done": true
  },
  "spartanweaponry:recipes/stone_tomahawk": {
    "criteria": {
      "has_cobblestone": "2024-09-11 17:48:09 +0000"
    },
    "done": true
  },
  "minecraft:recipes/tools/stone_pickaxe": {
    "criteria": {
      "has_cobblestone": "2024-09-11 17:48:09 +0000"
    },
    "done": true
  },
  "dungeons_arise:wda_root": {
    "criteria": {
      "WDA": "2024-09-11 17:45:38 +0000"
    },
    "done": true
  },
  "domum_ornamentum:recipes/tools/cobblestone_extra": {
    "criteria": {
      "has_material": "2024-09-11 17:48:09 +0000"
    },
    "done": true
  },
  "bigreactors:recipes/misc/blasting/graphite_from_coal": {
    "criteria": {
      "has_item": "2024-09-11 17:48:53 +0000"
    },
    "done": true
  },
  "spartanweaponry:recipes/stone_spear": {
    "criteria": {
      "has_cobblestone": "2024-09-11 17:48:09 +0000"
    },
    "done": true
  },
  "minecraft:recipes/building_blocks/mossy_cobblestone_slab_from_mossy_cobblestone_stonecutting": {
    "criteria": {
      "has_mossy_cobblestone": "2024-09-11 17:48:19 +0000"
    },
    "done": true
  },
  "minecraft:adventure/root": {
    "criteria": {
      "killed_by_something": "2024-09-11 17:50:12 +0000"
    },
    "done": true
  },
  "mca:recipes/building_blocks/headstones": {
    "criteria": {
      "has_ingredients": "2024-09-11 17:48:09 +0000"
    },
    "done": true
  },
  "bigreactors:recipes/misc/smelting/graphite_from_coal": {
    "criteria": {
      "has_item": "2024-09-11 17:48:53 +0000"
    },
    "done": true
  },
  "minecraft:recipes/tools/stone_shovel": {
    "criteria": {
      "has_cobblestone": "2024-09-11 17:48:09 +0000"
    },
    "done": true
  },
  "rats:recipes/misc/upgrades/gardener_upgrade": {
    "criteria": {
      "has_seeds": "2024-09-11 17:47:07 +0000"
    },
    "done": true
  },
  "domum_ornamentum:recipes/tools/blue_cobblestone_extra": {
    "criteria": {
      "has_material": "2024-09-11 17:48:09 +0000"
    },
    "done": true
  },
  "spartanweaponry:recipes/stone_greatsword": {
    "criteria": {
      "has_cobblestone": "2024-09-11 17:48:09 +0000"
    },
    "done": true
  },
  "mcwholidays:recipes/pair_of_pumpkins": {
    "criteria": {
      "has_planks": "2024-09-11 17:46:47 +0000"
    },
    "done": true
  },
  "spartanweaponry:recipes/stone_parrying_dagger": {
    "criteria": {
      "has_cobblestone": "2024-09-11 17:48:09 +0000"
    },
    "done": true
  },
  "mcwholidays:recipes/carved_evil_pumpkin": {
    "criteria": {
      "has_planks": "2024-09-11 17:46:47 +0000"
    },
    "done": true
  },
  "mcwholidays:recipes/carved_screaming_pumpkin": {
    "criteria": {
      "has_planks": "2024-09-11 17:46:47 +0000"
    },
    "done": true
  },
  "minecraft:recipes/misc/pumpkin_seeds": {
    "criteria": {
      "has_pumpkin": "2024-09-11 17:46:47 +0000"
    },
    "done": true
  },
  "mcwholidays:recipes/large_pumpkin": {
    "criteria": {
      "has_planks": "2024-09-11 17:46:47 +0000"
    },
    "done": true
  },
  "farmersdelight:recipes/cooking/pumpkin_soup": {
    "criteria": {
      "has_any_ingredient": "2024-09-11 17:46:47 +0000"
    },
    "done": true
  },
  "lootr:root": {
    "criteria": {
      "always_true": "2024-09-11 17:45:38 +0000"
    },
    "done": true
  },
  "iceandfire:recipes/building_blocks/raw_silver_to_raw_silver_block": {
    "criteria": {
      "has_raw_silver": "2024-09-11 17:48:55 +0000"
    },
    "done": true
  },
  "rats:recipes/misc/upgrades/replanter_upgrade": {
    "criteria": {
      "has_seeds": "2024-09-11 17:47:07 +0000"
    },
    "done": true
  },
  "minecraft:recipes/transportation/birch_boat": {
    "criteria": {
      "in_water": "2024-09-11 17:48:20 +0000"
    },
    "done": true
  },
  "minecraft:recipes/transportation/oak_boat": {
    "criteria": {
      "in_water": "2024-09-11 17:48:20 +0000"
    },
    "done": true
  },
  "minecraft:recipes/building_blocks/coal_block": {
    "criteria": {
      "has_coal": "2024-09-11 17:48:53 +0000"
    },
    "done": true
  },
  "cataclysm:root": {
    "criteria": {
      "custom_test_name": "2024-09-11 17:45:38 +0000"
    },
    "done": true
  },
  "iceandfire:recipes/tools/silver_ingot_from_blasting_raw_silver": {
    "criteria": {
      "has_raw_silver": "2024-09-11 17:48:55 +0000"
    },
    "done": true
  },
  "rats:recipes/misc/upgrades/placer_upgrade": {
    "criteria": {
      "has_cobble": "2024-09-11 17:48:19 +0000"
    },
    "done": true
  },
  "spartanweaponry:recipes/stone_quarterstaff": {
    "criteria": {
      "has_cobblestone": "2024-09-11 17:48:09 +0000"
    },
    "done": true
  },
  "domum_ornamentum:recipes/tools/green_cobblestone_extra": {
    "criteria": {
      "has_material": "2024-09-11 17:48:09 +0000"
    },
    "done": true
  },
  "farmersdelight:main/root": {
    "criteria": {
      "seeds": "2024-09-11 17:45:37 +0000"
    },
    "done": true
  },
  "spartanweaponry:recipes/stone_flanged_mace": {
    "criteria": {
      "has_cobblestone": "2024-09-11 17:48:09 +0000"
    },
    "done": true
  },
  "mcwholidays:recipes/lit_evil_pumpkin": {
    "criteria": {
      "has_planks": "2024-09-11 17:46:47 +0000"
    },
    "done": true
  },
  "spartanweaponry:recipes/stone_javelin": {
    "criteria": {
      "has_cobblestone": "2024-09-11 17:48:09 +0000"
    },
    "done": true
  },
  "spartanweaponry:recipes/stone_pike": {
    "criteria": {
      "has_cobblestone": "2024-09-11 17:48:09 +0000"
    },
    "done": true
  },
  "mcwholidays:recipes/carved_shocked_pumpkin": {
    "criteria": {
      "has_planks": "2024-09-11 17:46:47 +0000"
    },
    "done": true
  },
  "spartanweaponry:recipes/stone_warhammer": {
    "criteria": {
      "has_cobblestone": "2024-09-11 17:48:09 +0000"
    },
    "done": true
  },
  "alltheores:recipes/misc/raw_lead_block": {
    "criteria": {
      "has_raw_TagKey[minecraft:item / forge:raw_materials/lead]": "2024-09-11 17:48:45 +0000"
    },
    "done": true
  },
  "mcwholidays:recipes/lit_friendly_pumpkin": {
    "criteria": {
      "has_planks": "2024-09-11 17:46:47 +0000"
    },
    "done": true
  },
  "alltheores:recipes/misc/zinc_ingot_from_raw": {
    "criteria": {
      "has_item": "2024-09-11 17:48:16 +0000"
    },
    "done": true
  },
  "minecraft:adventure/adventuring_time": {
    "criteria": {
      "minecraft:river": "2024-09-11 17:48:49 +0000",
      "minecraft:plains": "2024-09-11 17:45:38 +0000"
    },
    "done": false
  },
  "minecraft:recipes/building_blocks/cobblestone_stairs_from_cobblestone_stonecutting": {
    "criteria": {
      "has_cobblestone": "2024-09-11 17:48:09 +0000"
    },
    "done": true
  },
  "spartanweaponry:recipes/stone_dagger": {
    "criteria": {
      "has_cobblestone": "2024-09-11 17:48:09 +0000"
    },
    "done": true
  },
  "apotheosis:give_book": {
    "criteria": {
      "tick": "2024-09-11 17:45:38 +0000"
    },
    "done": true
  },
  "spartanweaponry:recipes/stone_halberd": {
    "criteria": {
      "has_cobblestone": "2024-09-11 17:48:09 +0000"
    },
    "done": true
  },
  "minecraft:recipes/tools/stone_hoe": {
    "criteria": {
      "has_cobblestone": "2024-09-11 17:48:09 +0000"
    },
    "done": true
  },
  "domum_ornamentum:recipes/tools/purple_cobblestone_extra": {
    "criteria": {
      "has_material": "2024-09-11 17:48:09 +0000"
    },
    "done": true
  },
  "DataVersion": 3465
}